doc_id,title,content,category,related_columns
1,"Peak Hour Analysis for Coffee Shops","Coffee shops typically experience peak hours during morning rush (7-9 AM) and afternoon breaks (2-4 PM). The hour_of_day feature in transaction data reveals customer behavior patterns. Morning hours show higher volume with quick service preferences, while afternoon hours see leisurely consumption. Late evening hours (8-10 PM) often attract students and remote workers seeking a quiet environment. Understanding hourly patterns helps optimize staffing, inventory, and promotional strategies for maximum profitability.","time_analysis","hour_of_day"
2,"Off-Peak Hour Strategies","Hours between 10 AM-12 PM and 4-6 PM represent off-peak periods in most coffee shops. During these times, businesses can implement targeted promotions like 'Happy Hour' discounts, loyalty program bonuses, or introduce new menu items. The hour_of_day data helps identify these low-traffic periods and develop strategies to increase customer visits through time-specific offers and marketing campaigns that drive revenue during slower periods.","business_strategy","hour_of_day"
3,"Early Morning Coffee Consumption Trends","Analysis of hour_of_day data shows that 6-8 AM represents the highest concentration of coffee purchases. This early morning segment is characterized by customers seeking caffeine boost for their daily routine. These transactions typically involve espresso-based drinks, quick service expectations, and often mobile ordering. Understanding early morning patterns helps optimize pre-opening preparation and staff scheduling for efficient service delivery.","customer_behavior","hour_of_day,coffee_name"
4,"Digital Payment Trends in Coffee Shops","The cash_type feature reveals the evolution of payment preferences in coffee retail. Card payments have steadily increased, especially among younger demographics and during rush hours. Digital payments offer faster transaction processing, reduced cash handling costs, and better integration with loyalty programs. Mobile payments and contactless cards have become preferred methods, particularly post-pandemic. Understanding payment preferences helps optimize POS systems and enhance customer experience.","payment_analysis","cash_type"
5,"Cash vs Card: Customer Demographics","Payment method choice often correlates with customer demographics and purchase amounts. Cash transactions are more common for small purchases under $5, while card payments dominate larger orders. Older customers tend to prefer cash, while millennials and Gen Z favor digital payments. The cash_type data helps segment customers and tailor service approaches. Cash-heavy periods may require more change preparation and cash management protocols.","customer_segmentation","cash_type,money"
6,"Payment Processing Efficiency","Transaction speed varies significantly between cash and card payments. Card transactions typically process faster, reducing queue times during peak hours. However, cash payments eliminate processing fees and provide immediate revenue. The cash_type analysis helps optimize checkout processes, staff training, and technology investments. Implementing efficient payment systems improves customer satisfaction and operational efficiency while reducing wait times.","operations","cash_type,hour_of_day"
7,"Average Transaction Value Analysis","The money column provides insights into customer spending patterns and revenue optimization opportunities. Average transaction values typically range from $3-15 in coffee shops, with variations based on time of day, day of week, and seasonal factors. Higher transaction values often correlate with multiple item purchases, premium beverages, or food additions. Analyzing transaction amounts helps set pricing strategies and identify upselling opportunities for increased revenue.","revenue_analysis","money"
8,"Premium vs Budget Coffee Pricing","Transaction amount analysis reveals customer price sensitivity and willingness to pay for premium products. Specialty drinks, organic options, and artisanal preparations command higher prices, while basic coffee maintains lower price points. The money data helps identify which products drive higher revenue per transaction and which customers are willing to pay premium prices for quality or convenience.","pricing_strategy","money,coffee_name"
9,"Seasonal Impact on Transaction Values","Transaction amounts fluctuate seasonally, with winter months showing higher average values due to hot beverage preferences and holiday spending. Summer periods may see lower individual transaction values but higher frequency. The money column, when analyzed with temporal data, reveals these patterns and helps predict revenue cycles, plan inventory, and adjust marketing strategies for different seasons.","seasonal_analysis","money,month_name"
10,"Latte: The Universal Coffee Shop Favorite","Lattes consistently rank as the most popular coffee shop beverage across different demographics and locations. The combination of espresso and steamed milk appeals to both coffee enthusiasts and casual drinkers. Latte sales patterns in the coffee_name data show steady demand throughout the day, with peaks during morning and afternoon hours. Customization options like flavor syrups and milk alternatives drive higher transaction values.","product_analysis","coffee_name,money"
11,"Americano: The Simple Choice","Americano represents the preference for straightforward, strong coffee without milk additions. This beverage appeals to traditional coffee drinkers and those seeking lower-calorie options. Americano sales data shows strong morning performance and appeal among older demographics. The simplicity of preparation makes it ideal for high-volume periods and contributes to operational efficiency during busy hours.","product_analysis","coffee_name,hour_of_day"
12,"Hot Chocolate: Beyond Coffee","Hot chocolate sales demonstrate the importance of non-coffee beverages in coffee shop menus. This beverage appeals to children, non-coffee drinkers, and customers seeking comfort drinks during cold weather. Hot chocolate performance in the coffee_name data reveals opportunities for menu diversification and reaching broader customer segments. Seasonal variations show strong winter performance.","product_diversification","coffee_name,month_name"
13,"Morning Rush: Coffee Shop Prime Time","Morning hours represent the highest revenue period for most coffee shops. The time_of_day analysis shows that morning customers prioritize speed, convenience, and caffeination. This period requires optimized workflows, pre-prepared items, and efficient staffing. Mobile ordering and loyalty programs perform particularly well during morning rush hours when customer time is limited and efficiency is paramount.","operational_optimization","time_of_day,hour_of_day"
14,"Afternoon Coffee Culture","Afternoon coffee consumption patterns differ significantly from morning rush behavior. Customers during afternoon hours often seek social experiences, workspace, and treat beverages. The time_of_day data reveals opportunities for promoting food pairings, specialty drinks, and creating comfortable environments for extended stays. Afternoon periods benefit from different marketing approaches focused on experience rather than speed.","customer_experience","time_of_day,coffee_name"
15,"Night Shift: Evening Coffee Trends","Evening coffee consumption caters to night shift workers, students, and social gatherings. Night time_of_day patterns show preference for decaffeinated options, dessert beverages, and alternative drinks. This period offers opportunities for extending operating hours, targeting specific demographics, and creating unique evening atmospheres that differentiate from morning service.","market_expansion","time_of_day,coffee_name"
16,"Monday Blues: Starting the Week with Coffee","Monday coffee consumption patterns show unique characteristics in the weekday data. Higher volume and stronger coffee preferences mark the beginning of the work week. Customers seek energy and motivation, making Mondays ideal for promoting high-caffeine options and motivational marketing messages. Understanding Monday patterns helps optimize inventory and staffing for week startup demands.","weekly_patterns","weekday,coffee_name"
17,"Wednesday Hump Day Coffee Boost","Mid-week coffee consumption shows interesting patterns in weekday analysis. Wednesday often represents a secondary peak as customers seek mid-week energy boosts. This day benefits from promotional activities targeting the 'hump day' mentality and encouraging customers to push through the week. Specialty drinks and treats perform well as mid-week rewards for continued productivity.","weekly_patterns","weekday,money"
18,"Friday Feel-Good Coffee Culture","Friday coffee consumption patterns reflect the anticipation of weekends. The weekday data shows increased spending on premium beverages and treats as customers celebrate the approaching weekend. Friday presents opportunities for promoting indulgent options, social gathering drinks, and positive messaging that capitalizes on end-of-week emotions and celebratory spending behaviors.","weekly_patterns","weekday,money,coffee_name"
19,"January: New Year, New Coffee Habits","January coffee consumption reflects New Year resolutions and seasonal preferences. The month_name data shows increased demand for healthier options, plant-based milk alternatives, and smaller sizes. Cold weather drives hot beverage sales while health-conscious customers seek lower-calorie options. January marketing should focus on wellness themes and fresh start messaging that aligns with customer goals.","seasonal_marketing","month_name,coffee_name"
20,"July Summer Coffee Adaptations","Summer coffee consumption patterns in July show significant shifts toward cold beverages. The month_name analysis reveals opportunities for iced coffee promotions, cold brew specialties, and refreshing alternatives. Air conditioning costs increase while hot beverage sales decline, requiring operational adjustments and menu adaptations to maintain revenue during summer months.","seasonal_operations","month_name,coffee_name"
21,"Numerical Day Analysis for Business Intelligence","The weekdaysort feature enables sophisticated temporal analysis by providing numeric ordering of weekdays. This numerical representation facilitates trend analysis, statistical modeling, and business intelligence reporting. Monday=1 through Sunday=7 ordering helps identify weekly patterns, calculate moving averages, and predict future demand based on historical weekday performance data.","data_analysis","weekdaysort,weekday"
22,"Monthly Ordering for Seasonal Predictions","The monthsort column provides numerical month ordering essential for seasonal analysis and forecasting. January=1 through December=12 sequence enables calculation of month-over-month growth, seasonal trend identification, and annual planning. This numeric representation supports advanced analytics including time series analysis and predictive modeling for inventory and staffing decisions.","forecasting","monthsort,month_name"
23,"Date-Based Customer Loyalty Tracking","The date column enables tracking customer visit frequency and loyalty patterns. Daily transaction analysis reveals regular customers, occasional visitors, and one-time purchases. Date-based segmentation helps develop targeted retention strategies, personalized offers, and loyalty program improvements. Understanding customer frequency patterns optimizes marketing spend and customer relationship management efforts.","customer_analytics","date"
24,"Time Precision for Service Optimization","The time column provides exact transaction timestamps enabling detailed service analysis. Precise timing data helps identify service bottlenecks, queue management issues, and optimal staffing levels. Minute-by-minute analysis reveals peak service times, average service duration, and opportunities for process improvements that enhance customer satisfaction and operational efficiency.","service_optimization","time,hour_of_day"
25,"Weekend vs Weekday Coffee Consumption","Weekend coffee consumption patterns differ significantly from weekday behaviors. Saturdays and Sundays show later start times, longer dwell periods, and higher food attachment rates. Weekend customers often seek relaxation, social experiences, and indulgent treats. The weekday comparison reveals opportunities for different weekend strategies focused on leisure rather than convenience.","customer_behavior","weekday,time_of_day"
26,"Holiday Impact on Coffee Sales","Holiday periods show dramatic changes in coffee consumption patterns. Major holidays affect both volume and product mix, with some holidays driving increased sales while others cause decreases. Understanding holiday impacts through date and month_name analysis helps plan inventory, staffing, and special promotions that capitalize on seasonal opportunities.","seasonal_analysis","date,month_name"
27,"Rush Hour Traffic Management","Peak hour traffic management requires understanding customer flow patterns through time analysis. The combination of hour_of_day and time data reveals queue formation times, service pressure points, and optimal staffing schedules. Effective rush hour management improves customer satisfaction, reduces wait times, and maximizes revenue during high-demand periods.","operations","hour_of_day,time"
28,"Coffee Shop Location Impact on Sales","Different locations show varying patterns in all transaction metrics. Urban locations may show different hour_of_day patterns compared to suburban shops. Office district locations peak during work hours while residential area shops see different weekend patterns. Location-specific analysis helps tailor operations and marketing to local customer behaviors and preferences.","location_analysis","hour_of_day,weekday"
29,"Seasonal Menu Planning","Seasonal menu planning relies heavily on month_name and coffee_name data analysis. Winter months favor hot, spiced beverages while summer demands cold, refreshing options. Understanding seasonal preferences helps optimize inventory, introduce limited-time offers, and maximize sales through relevant product offerings that match customer seasonal expectations and weather conditions.","menu_planning","month_name,coffee_name"
30,"Customer Spending Patterns by Day","Daily spending patterns reveal customer behavior differences across weekdays. The combination of weekday and money data shows which days generate highest revenue per customer, total daily revenue, and average transaction values. This analysis helps optimize promotional timing, staff scheduling, and inventory planning for maximum profitability.","revenue_analysis","weekday,money"
31,"Payment Method Evolution Over Time","Payment preferences have evolved significantly over recent years. The cash_type data combined with date analysis shows the gradual shift from cash to digital payments. Understanding this evolution helps predict future payment trends, plan technology investments, and optimize payment processing systems for improved customer experience and operational efficiency.","payment_trends","cash_type,date"
32,"Coffee Temperature Preferences by Season","Seasonal temperature preferences significantly impact coffee sales. Hot beverages dominate cold months while iced options peak during summer. The relationship between month_name and coffee_name reveals these patterns and helps predict demand for different product categories throughout the year for effective inventory and menu planning.","seasonal_preferences","month_name,coffee_name"
33,"Peak Performance Metrics","Peak performance analysis combines multiple data points to identify optimal operating conditions. High-performance periods typically show specific combinations of hour_of_day, weekday, and month_name values. Understanding these combinations helps replicate successful conditions and optimize operations for maximum revenue and customer satisfaction.","performance_analysis","hour_of_day,weekday,month_name"
34,"Customer Service Speed Analysis","Service speed analysis uses precise time data to measure transaction duration and identify service bottlenecks. Fast service during peak hours improves customer satisfaction and enables higher transaction volumes. Understanding service timing helps optimize workflows, staff training, and technology implementation for improved operational efficiency.","service_analysis","time,hour_of_day"
35,"Loyalty Program Effectiveness","Loyalty program performance varies by customer segment and time period. Analysis of repeat customers through date tracking shows program effectiveness, customer retention rates, and lifetime value. Understanding loyalty patterns helps optimize program benefits, communication timing, and reward structures for improved customer retention and increased spending.","loyalty_analysis","date,money"
36,"Inventory Optimization Strategies","Inventory optimization requires understanding demand patterns across all product categories. The coffee_name data combined with temporal analysis helps predict product needs, reduce waste, and ensure availability during peak demand periods. Effective inventory management improves profitability and customer satisfaction through consistent product availability.","inventory_management","coffee_name,hour_of_day,weekday"
37,"Staff Scheduling Optimization","Optimal staff scheduling relies on understanding customer traffic patterns throughout different time periods. The combination of hour_of_day, weekday, and seasonal data helps predict staffing needs, minimize labor costs, and ensure adequate service levels during all operating periods for optimal customer experience and cost management.","workforce_planning","hour_of_day,weekday,month_name"
38,"Revenue Forecasting Models","Revenue forecasting combines historical transaction data with temporal patterns to predict future performance. Analysis of money, date, and seasonal factors enables accurate revenue predictions, budget planning, and performance goal setting. Effective forecasting supports strategic decision-making and operational planning for sustainable business growth.","financial_planning","money,date,month_name"
39,"Customer Segmentation Strategies","Customer segmentation uses multiple data points to identify distinct customer groups with different behaviors and preferences. Combinations of payment methods, spending levels, visit times, and product preferences create actionable customer segments for targeted marketing, personalized service, and optimized product offerings.","customer_segmentation","cash_type,money,hour_of_day,coffee_name"
40,"Competitive Analysis Framework","Competitive analysis examines industry benchmarks against internal performance metrics. Understanding how transaction patterns, pricing, and customer behaviors compare to industry standards helps identify improvement opportunities, competitive advantages, and market positioning strategies for sustainable competitive advantage.","competitive_analysis","money,coffee_name,hour_of_day"
41,"Marketing Campaign Effectiveness","Marketing campaign effectiveness measurement requires tracking customer response across multiple metrics. Changes in transaction volumes, spending patterns, and product mix following campaigns indicate marketing success. Understanding campaign impact helps optimize marketing spend, timing, and messaging for improved return on marketing investment.","marketing_analysis","money,date,coffee_name"
42,"Technology Integration Impact","Technology integration significantly impacts coffee shop operations and customer experience. Mobile ordering, digital payments, and loyalty apps change transaction patterns, service speed, and customer preferences. Understanding technology impact helps guide investment decisions and optimize digital customer experiences for improved satisfaction and efficiency.","technology_analysis","cash_type,time,hour_of_day"
43,"Quality Control Monitoring","Quality control monitoring uses transaction data to identify potential service or product issues. Unusual patterns in sales, timing, or customer behavior may indicate quality problems requiring attention. Proactive quality monitoring helps maintain customer satisfaction, prevent negative reviews, and ensure consistent service delivery standards.","quality_management","coffee_name,time,money"
44,"Seasonal Staffing Strategies","Seasonal staffing requirements vary based on customer traffic patterns and operational demands. Summer and winter seasons show different staffing needs based on product mix, customer volume, and service requirements. Understanding seasonal patterns helps optimize labor costs while maintaining service quality during all operating periods.","seasonal_operations","month_name,hour_of_day,weekday"
45,"Customer Experience Optimization","Customer experience optimization requires understanding all touchpoints and interaction patterns. Transaction speed, payment convenience, product availability, and service quality all impact customer satisfaction. Comprehensive experience analysis helps identify improvement opportunities and optimize all aspects of customer interaction for enhanced satisfaction.","customer_experience","time,cash_type,coffee_name,hour_of_day"
46,"Price Sensitivity Analysis","Price sensitivity analysis examines customer response to different pricing levels and promotional offers. Understanding how price changes affect transaction volumes, customer behavior, and revenue helps optimize pricing strategies, promotional timing, and product positioning for maximum profitability while maintaining customer satisfaction.","pricing_analysis","money,coffee_name,date"
47,"Operational Efficiency Metrics","Operational efficiency measurement combines multiple performance indicators to assess overall business effectiveness. Transaction processing time, customer throughput, revenue per hour, and cost management create comprehensive efficiency metrics. Understanding efficiency patterns helps identify improvement opportunities and optimize resource allocation.","efficiency_analysis","time,hour_of_day,money,cash_type"
48,"Customer Retention Strategies","Customer retention analysis uses visit frequency and spending patterns to identify at-risk customers and develop retention strategies. Understanding customer lifecycle patterns helps implement targeted interventions, personalized offers, and loyalty initiatives that improve retention rates and customer lifetime value.","retention_analysis","date,money,coffee_name"
49,"Market Expansion Opportunities","Market expansion analysis examines successful patterns and identifies opportunities for growth. Understanding which customer segments, time periods, and product categories show strongest performance helps guide expansion decisions, new location selection, and market penetration strategies for sustainable business growth.","expansion_analysis","hour_of_day,weekday,money,coffee_name"
50,"Financial Performance Analysis","Financial performance analysis combines revenue, transaction volume, and operational metrics to assess business health. Understanding profitability patterns, cost structures, and revenue drivers helps optimize financial performance, identify improvement opportunities, and support strategic decision-making for long-term success.","financial_analysis","money,date,hour_of_day,weekday"
51,"Mobile Ordering Impact Analysis","Mobile ordering has transformed coffee shop operations and customer behavior. Mobile orders often show different patterns in timing, product selection, and payment methods. Understanding mobile ordering impact helps optimize technology implementation, service workflows, and customer experience for digital-first customers.","digital_transformation","cash_type,time,coffee_name"
52,"Espresso-Based Drink Popularity","Espresso-based beverages form the core of coffee shop offerings. Analysis of different espresso drinks reveals customer preferences, preparation complexity, and profitability. Understanding espresso drink patterns helps optimize menu design, staff training, and equipment utilization for maximum efficiency and customer satisfaction.","product_analysis","coffee_name,money,hour_of_day"
53,"Cold Brew Market Penetration","Cold brew coffee has gained significant popularity, especially during warmer months. Analysis of cold brew sales patterns shows seasonal demand, customer demographics, and pricing opportunities. Understanding cold brew performance helps optimize production planning, marketing strategies, and menu positioning for this growing product category.","product_trends","coffee_name,month_name,money"
54,"Customer Traffic Flow Analysis","Customer traffic flow analysis examines how customer volumes change throughout different time periods. Understanding traffic patterns helps optimize store layout, staff positioning, and service processes to handle peak volumes efficiently while maintaining service quality during all operating periods.","operations_analysis","hour_of_day,weekday,time"
55,"Promotional Campaign Performance","Promotional campaigns show varying effectiveness across different customer segments and time periods. Analysis of promotional impact on transaction volumes, spending patterns, and customer behavior helps optimize future campaigns, timing, and targeting for improved return on marketing investment and customer engagement.","promotion_analysis","money,date,coffee_name"
56,"Weekend Revenue Optimization","Weekend revenue patterns differ significantly from weekday performance. Saturday and Sunday operations require different strategies for maximizing revenue, including different product emphasis, staffing approaches, and customer engagement techniques that align with weekend customer expectations and behaviors.","weekend_analysis","weekday,money,hour_of_day"
57,"Customer Demographics and Preferences","Customer demographics significantly influence coffee preferences, spending patterns, and visit behaviors. Understanding demographic trends helps tailor product offerings, service approaches, and marketing messages to specific customer segments for improved satisfaction and increased revenue per customer.","demographic_analysis","coffee_name,money,cash_type,hour_of_day"
58,"Supply Chain Optimization","Supply chain optimization requires accurate demand forecasting based on sales patterns. Understanding product consumption rates, seasonal variations, and customer preferences helps optimize inventory levels, reduce waste, and ensure product availability while minimizing carrying costs and storage requirements.","supply_chain","coffee_name,date,month_name"
59,"Energy Efficiency in Coffee Shops","Energy consumption patterns in coffee shops correlate with operational hours, equipment usage, and customer volume. Understanding energy usage patterns helps optimize equipment operation, reduce utility costs, and implement sustainable practices that benefit both profitability and environmental responsibility.","sustainability","hour_of_day,month_name"
60,"Customer Feedback Integration","Customer feedback analysis combined with transaction data provides comprehensive insights into service quality and customer satisfaction. Understanding how feedback correlates with operational metrics helps identify improvement opportunities and optimize customer experience for increased satisfaction and loyalty.","feedback_analysis","coffee_name,time,money"
61,"Franchise Performance Benchmarking","Franchise performance comparison requires standardized metrics across locations. Understanding how different locations perform across various metrics helps identify best practices, training needs, and optimization opportunities for improving overall franchise performance and consistency.","franchise_analysis","money,hour_of_day,weekday,coffee_name"
62,"Seasonal Marketing Calendar","Seasonal marketing calendar development relies on understanding customer behavior patterns throughout the year. Combining seasonal preferences, spending patterns, and product demand creates effective marketing timing that aligns promotional activities with customer needs and maximizes campaign effectiveness.","marketing_planning","month_name,coffee_name,money"
63,"Customer Journey Mapping","Customer journey mapping traces customer interactions from first visit through repeat purchases. Understanding customer journey patterns helps optimize touchpoints, identify friction areas, and improve overall customer experience for increased satisfaction, loyalty, and lifetime value.","journey_analysis","date,money,coffee_name,cash_type"
64,"Peak Hour Capacity Planning","Peak hour capacity planning requires understanding maximum customer volume and service capability. Analysis of peak hour patterns helps optimize capacity utilization, identify bottlenecks, and plan expansion or efficiency improvements to handle demand spikes without compromising service quality.","capacity_planning","hour_of_day,time,weekday"
65,"Product Mix Optimization","Product mix optimization examines which products drive the highest profitability and customer satisfaction. Understanding product performance across different time periods and customer segments helps optimize menu design, pricing strategies, and promotional focus for maximum revenue and customer appeal.","menu_optimization","coffee_name,money,hour_of_day"
66,"Customer Lifetime Value Analysis","Customer lifetime value analysis tracks customer spending patterns over time to identify high-value customers and optimize retention strategies. Understanding lifetime value patterns helps prioritize customer segments, allocate marketing resources, and develop personalized engagement strategies for improved profitability.","customer_value","date,money,coffee_name"
67,"Operational Cost Management","Operational cost management requires understanding cost drivers and revenue patterns. Analysis of transaction volumes, staffing requirements, and resource utilization helps optimize cost structure while maintaining service quality and customer satisfaction for improved profitability and sustainable operations.","cost_management","hour_of_day,weekday,money"
68,"Digital Payment Security","Digital payment security considerations include understanding payment patterns and implementing appropriate security measures. Analysis of payment method preferences helps guide security investments, fraud prevention, and customer education to protect both business and customer interests.","security_analysis","cash_type,money,time"
69,"Customer Acquisition Strategies","Customer acquisition strategies require understanding successful customer attraction patterns. Analysis of new customer behaviors, preferences, and retention rates helps optimize acquisition channels, promotional offers, and onboarding experiences for sustainable customer base growth.","acquisition_analysis","date,money,coffee_name,cash_type"
70,"Competitive Pricing Analysis","Competitive pricing analysis examines price positioning relative to market conditions and customer value perception. Understanding pricing effectiveness across different products and customer segments helps optimize pricing strategies for maximum profitability while maintaining competitive advantage.","pricing_strategy","money,coffee_name"
71,"Store Layout Optimization","Store layout optimization requires understanding customer flow patterns and service efficiency. Analysis of transaction timing, customer volume, and service bottlenecks helps optimize physical space design for improved customer experience, operational efficiency, and revenue maximization.","layout_optimization","time,hour_of_day,coffee_name"
72,"Customer Service Training","Customer service training requirements vary based on operational patterns and customer expectations. Understanding service challenges, peak demand periods, and customer preferences helps develop targeted training programs that improve service quality, customer satisfaction, and operational efficiency.","training_analysis","time,hour_of_day,weekday"
73,"Revenue Stream Diversification","Revenue stream diversification examines opportunities beyond core coffee sales. Analysis of customer spending patterns, visit behaviors, and preferences helps identify additional revenue opportunities such as food, retail, or service additions that complement core business operations.","diversification_analysis","money,coffee_name,hour_of_day"
74,"Customer Engagement Strategies","Customer engagement strategies require understanding customer preferences, behaviors, and communication preferences. Analysis of customer interaction patterns helps develop effective engagement approaches, loyalty programs, and communication strategies that build stronger customer relationships and increase retention.","engagement_analysis","date,money,coffee_name"
75,"Inventory Turnover Analysis","Inventory turnover analysis examines product movement rates and identifies slow-moving or high-demand items. Understanding turnover patterns helps optimize inventory levels, reduce waste, improve cash flow, and ensure product freshness while minimizing carrying costs and storage requirements.","inventory_analysis","coffee_name,date,month_name"
76,"Customer Satisfaction Metrics","Customer satisfaction measurement combines operational metrics with customer feedback to assess service quality. Understanding satisfaction drivers helps prioritize improvement efforts, optimize customer experience, and develop strategies that increase customer loyalty and positive word-of-mouth marketing.","satisfaction_analysis","time,coffee_name,money"
77,"Market Penetration Analysis","Market penetration analysis examines customer reach and market share opportunities. Understanding customer demographics, geographic coverage, and competitive positioning helps identify growth opportunities, expansion strategies, and market development initiatives for sustainable business growth.","market_analysis","date,money,weekday"
78,"Seasonal Inventory Planning","Seasonal inventory planning requires understanding product demand patterns throughout the year. Analysis of seasonal preferences, weather impacts, and customer behaviors helps optimize inventory levels, reduce waste, and ensure product availability during peak demand periods.","seasonal_planning","month_name,coffee_name"
79,"Customer Churn Prevention","Customer churn prevention requires identifying at-risk customers and implementing retention strategies. Analysis of visit frequency, spending patterns, and behavior changes helps develop proactive retention programs that prevent customer loss and improve lifetime value.","churn_analysis","date,money,coffee_name"
80,"Operational Excellence Metrics","Operational excellence measurement combines efficiency, quality, and customer satisfaction metrics. Understanding operational performance patterns helps identify improvement opportunities, optimize resource allocation, and maintain high standards across all business functions for sustainable success.","excellence_analysis","time,hour_of_day,money,coffee_name"
81,"Technology ROI Analysis","Technology return on investment analysis examines the impact of technology investments on operational efficiency and customer experience. Understanding technology benefits helps guide future investments, optimize system utilization, and ensure technology spending delivers measurable business value.","technology_roi","cash_type,time,money"
82,"Customer Experience Journey","Customer experience journey analysis traces all customer touchpoints from initial contact through post-purchase follow-up. Understanding experience patterns helps identify improvement opportunities, optimize customer interactions, and develop strategies that enhance satisfaction and loyalty.","experience_journey","time,cash_type,coffee_name,money"
83,"Profit Margin Analysis","Profit margin analysis examines profitability across different products, time periods, and customer segments. Understanding margin patterns helps optimize pricing strategies, product mix, and operational efficiency for maximum profitability while maintaining customer value and satisfaction.","margin_analysis","money,coffee_name,hour_of_day"
84,"Customer Behavior Segmentation","Customer behavior segmentation groups customers based on spending patterns, visit frequency, and preferences. Understanding behavioral segments helps develop targeted marketing, personalized service, and customized offerings that improve customer satisfaction and increase revenue per customer.","behavior_segmentation","money,date,coffee_name,cash_type"
85,"Demand Forecasting Models","Demand forecasting models predict future customer needs based on historical patterns and external factors. Understanding demand patterns helps optimize inventory planning, staffing schedules, and capacity management for improved efficiency and customer satisfaction.","forecasting_models","date,hour_of_day,weekday,month_name"
86,"Customer Acquisition Cost","Customer acquisition cost analysis examines the investment required to attract new customers. Understanding acquisition costs helps optimize marketing spend, evaluate channel effectiveness, and develop cost-effective strategies for sustainable customer base growth.","acquisition_cost","date,money,coffee_name"
87,"Service Quality Monitoring","Service quality monitoring tracks performance indicators that impact customer satisfaction. Understanding quality patterns helps identify training needs, process improvements, and system enhancements that maintain high service standards and customer loyalty.","quality_monitoring","time,hour_of_day,coffee_name"
88,"Revenue Per Customer Analysis","Revenue per customer analysis examines individual customer value and spending patterns. Understanding customer value patterns helps optimize pricing strategies, upselling opportunities, and customer relationship management for increased profitability and customer satisfaction.","customer_revenue","money,date,coffee_name"
89,"Operational Risk Management","Operational risk management identifies potential threats to business continuity and customer service. Understanding operational patterns helps develop contingency plans, risk mitigation strategies, and recovery procedures that protect business operations and customer relationships.","risk_management","hour_of_day,weekday,cash_type"
90,"Customer Loyalty Drivers","Customer loyalty driver analysis identifies factors that increase customer retention and repeat visits. Understanding loyalty patterns helps develop effective retention strategies, loyalty programs, and customer engagement initiatives that build long-term customer relationships.","loyalty_drivers","date,money,coffee_name,hour_of_day"
91,"Market Trend Analysis","Market trend analysis examines industry developments and customer preference changes. Understanding market trends helps adapt business strategies, product offerings, and operational approaches to remain competitive and meet evolving customer expectations.","trend_analysis","month_name,coffee_name,money"
92,"Customer Communication Strategies","Customer communication strategies require understanding customer preferences, behaviors, and engagement patterns. Analysis of customer interaction data helps develop effective communication approaches, timing, and messaging that improve customer relationships and drive business results.","communication_strategy","date,money,coffee_name"
93,"Competitive Advantage Analysis","Competitive advantage analysis examines unique business strengths and market positioning. Understanding competitive advantages helps develop strategies that leverage strengths, differentiate offerings, and create sustainable competitive positions in the marketplace.","competitive_advantage","money,coffee_name,hour_of_day"
94,"Customer Retention ROI","Customer retention return on investment analysis examines the value of retention programs and initiatives. Understanding retention ROI helps optimize retention spending, prioritize customer segments, and develop cost-effective strategies that improve customer lifetime value.","retention_roi","date,money,coffee_name"
95,"Operational Scalability Planning","Operational scalability planning prepares for business growth and expansion. Understanding current operational patterns helps identify scaling requirements, capacity constraints, and system improvements needed to support growth while maintaining service quality and efficiency.","scalability_planning","hour_of_day,weekday,money,coffee_name"
96,"Customer Preference Trends","Customer preference trend analysis tracks changing customer needs and expectations. Understanding preference patterns helps adapt product offerings, service approaches, and business strategies to meet evolving customer demands and maintain competitive relevance.","preference_trends","coffee_name,month_name,money"
97,"Financial Performance Benchmarking","Financial performance benchmarking compares business metrics against industry standards and best practices. Understanding performance benchmarks helps identify improvement opportunities, set realistic goals, and develop strategies for achieving superior financial results.","financial_benchmarking","money,date,hour_of_day"
98,"Customer Experience Innovation","Customer experience innovation explores new approaches to enhance customer satisfaction and engagement. Understanding experience patterns helps identify innovation opportunities, test new concepts, and implement improvements that differentiate the business and improve customer loyalty.","experience_innovation","time,coffee_name,cash_type,money"
99,"Strategic Planning Integration","Strategic planning integration combines operational data with business strategy development. Understanding performance patterns helps align strategic initiatives, resource allocation, and operational improvements with long-term business objectives for sustainable growth and success.","strategic_planning","money,date,weekday,month_name"
100,"Continuous Improvement Framework","Continuous improvement framework establishes systematic approaches for ongoing optimization. Understanding improvement opportunities helps develop structured processes for identifying, implementing, and measuring enhancements that drive operational excellence and customer satisfaction.","continuous_improvement","time,hour_of_day,money,coffee_name"
